Puntos de inflexión de f(x) = ,x**3+3x**2-2x+4
x,y
-1.00000000000000,8.00000000000000
