Puntos de inflexión de f(x) = ,2x**3+x**2+2x+1/(x+2)
x,y
-1.50000000000000,-5.50000000000000
-0.195008179939361,0.187199345247990
