Puntos de inflexión de f(x) = ,9x**3+3x**2/4x**4
x,y
0,0
-1.33886590016434,-17.2800000000000
