Puntos de inflexión de f(x) = ,x**3+2x**2+x+2
x,y
-0.666666666666667,1.92592592592593
