Puntos de inflexión de f(x) = ,4x**2+3x**3+2
x,y
-0.444444444444444,2.52674897119342
